id,password,email,login,date_joined,first_name,last_name,phone_number,balance
1,password_1,email_1@testmail.ru,login_1,2018-04-28,name_1,surname_1,79999710973,973387
2,password_2,email_2@testmail.ru,login_2,2018-03-21,name_2,surname_2,79884200423,998175
3,password_3,email_3@testmail.ru,login_3,2017-07-18,name_3,surname_3,79629427063,91129
4,password_4,email_4@testmail.ru,login_4,2017-10-16,name_4,surname_4,79403315273,273779
5,password_5,email_5@testmail.ru,login_5,2017-08-29,name_5,surname_5,79765996243,686084
6,password_6,email_6@testmail.ru,login_6,2018-04-21,name_6,surname_6,79542322450,251385
7,password_7,email_7@testmail.ru,login_7,2018-05-29,name_7,surname_7,79038748397,795070
8,password_8,email_8@testmail.ru,login_8,2017-12-11,name_8,surname_8,79335060984,939017
9,password_9,email_9@testmail.ru,login_9,2017-12-14,name_9,surname_9,79747881560,951924
10,password_10,email_10@testmail.ru,login_10,2017-06-27,name_10,surname_10,79148345738,587912
11,password_11,email_11@testmail.ru,login_11,2017-07-20,name_11,surname_11,79198000355,57348
12,password_12,email_12@testmail.ru,login_12,2017-07-25,name_12,surname_12,79665609703,515796
13,password_13,email_13@testmail.ru,login_13,2017-06-02,name_13,surname_13,79898237900,554477
14,password_14,email_14@testmail.ru,login_14,2017-07-12,name_14,surname_14,79601755862,159798
15,password_15,email_15@testmail.ru,login_15,2017-11-21,name_15,surname_15,79215208886,42350
16,password_16,email_16@testmail.ru,login_16,2017-11-25,name_16,surname_16,79423517079,14369
17,password_17,email_17@testmail.ru,login_17,2017-08-19,name_17,surname_17,79891857971,674242
18,password_18,email_18@testmail.ru,login_18,2017-06-04,name_18,surname_18,79058371029,647397
19,password_19,email_19@testmail.ru,login_19,2018-01-05,name_19,surname_19,79995379963,550666
20,password_20,email_20@testmail.ru,login_20,2018-01-04,name_20,surname_20,79509621284,474637
21,password_21,email_21@testmail.ru,login_21,2018-05-15,name_21,surname_21,79369795739,152202
22,password_22,email_22@testmail.ru,login_22,2017-06-22,name_22,surname_22,79648066219,795530
23,password_23,email_23@testmail.ru,login_23,2017-11-01,name_23,surname_23,79571860990,256953
24,password_24,email_24@testmail.ru,login_24,2017-12-19,name_24,surname_24,79531723632,654500
25,password_25,email_25@testmail.ru,login_25,2018-04-15,name_25,surname_25,79605655046,947629
26,password_26,email_26@testmail.ru,login_26,2017-06-24,name_26,surname_26,79518177573,785341
27,password_27,email_27@testmail.ru,login_27,2018-02-03,name_27,surname_27,79745289388,477994
28,password_28,email_28@testmail.ru,login_28,2017-10-11,name_28,surname_28,79451078635,334305
29,password_29,email_29@testmail.ru,login_29,2018-02-21,name_29,surname_29,79168537993,889661
30,password_30,email_30@testmail.ru,login_30,2017-08-01,name_30,surname_30,79896634914,199783
31,password_31,email_31@testmail.ru,login_31,2018-04-12,name_31,surname_31,79031447898,303636
32,password_32,email_32@testmail.ru,login_32,2018-01-10,name_32,surname_32,79539850069,329017
33,password_33,email_33@testmail.ru,login_33,2018-01-22,name_33,surname_33,79688337448,155294
34,password_34,email_34@testmail.ru,login_34,2018-01-01,name_34,surname_34,79675906359,263427
35,password_35,email_35@testmail.ru,login_35,2017-07-19,name_35,surname_35,79979491666,161075
36,password_36,email_36@testmail.ru,login_36,2017-10-22,name_36,surname_36,79057171825,439678
37,password_37,email_37@testmail.ru,login_37,2017-08-13,name_37,surname_37,79551529811,735888
38,password_38,email_38@testmail.ru,login_38,2017-10-25,name_38,surname_38,79891035272,904014
39,password_39,email_39@testmail.ru,login_39,2018-05-28,name_39,surname_39,79899166382,888694
40,password_40,email_40@testmail.ru,login_40,2017-12-27,name_40,surname_40,79206050091,912152
41,password_41,email_41@testmail.ru,login_41,2017-07-16,name_41,surname_41,79954321402,552736
42,password_42,email_42@testmail.ru,login_42,2017-08-26,name_42,surname_42,79949635448,702205
43,password_43,email_43@testmail.ru,login_43,2018-03-04,name_43,surname_43,79178050482,481670
44,password_44,email_44@testmail.ru,login_44,2017-08-13,name_44,surname_44,79766911916,469333
45,password_45,email_45@testmail.ru,login_45,2018-01-07,name_45,surname_45,79154613597,919236
46,password_46,email_46@testmail.ru,login_46,2018-01-16,name_46,surname_46,79765775210,96219
47,password_47,email_47@testmail.ru,login_47,2018-03-19,name_47,surname_47,79353023865,810061
48,password_48,email_48@testmail.ru,login_48,2018-03-18,name_48,surname_48,79328208657,228188
49,password_49,email_49@testmail.ru,login_49,2017-08-21,name_49,surname_49,79858578227,261279
50,password_50,email_50@testmail.ru,login_50,2017-12-08,name_50,surname_50,79846016883,595408
51,password_51,email_51@testmail.ru,login_51,2017-09-27,name_51,surname_51,79481817298,10294
52,password_52,email_52@testmail.ru,login_52,2017-08-11,name_52,surname_52,79367023649,459369
53,password_53,email_53@testmail.ru,login_53,2017-07-09,name_53,surname_53,79722702246,103216
54,password_54,email_54@testmail.ru,login_54,2017-08-04,name_54,surname_54,79481500106,959870
55,password_55,email_55@testmail.ru,login_55,2018-03-14,name_55,surname_55,79248805377,86595
56,password_56,email_56@testmail.ru,login_56,2018-05-10,name_56,surname_56,79277542063,751269
57,password_57,email_57@testmail.ru,login_57,2017-10-11,name_57,surname_57,79359669495,772176
58,password_58,email_58@testmail.ru,login_58,2017-10-28,name_58,surname_58,79456285618,125662
59,password_59,email_59@testmail.ru,login_59,2017-12-31,name_59,surname_59,79812860750,438743
60,password_60,email_60@testmail.ru,login_60,2018-05-02,name_60,surname_60,79684766485,79188
61,password_61,email_61@testmail.ru,login_61,2017-08-02,name_61,surname_61,79782887548,297483
62,password_62,email_62@testmail.ru,login_62,2018-02-01,name_62,surname_62,79965245763,898715
63,password_63,email_63@testmail.ru,login_63,2017-06-11,name_63,surname_63,79413544776,184881
64,password_64,email_64@testmail.ru,login_64,2018-03-27,name_64,surname_64,79413911812,843487
65,password_65,email_65@testmail.ru,login_65,2018-01-15,name_65,surname_65,79075648692,657729
66,password_66,email_66@testmail.ru,login_66,2018-02-05,name_66,surname_66,79921757493,993248
67,password_67,email_67@testmail.ru,login_67,2017-08-08,name_67,surname_67,79596945068,467980
68,password_68,email_68@testmail.ru,login_68,2018-03-15,name_68,surname_68,79501770478,490181
69,password_69,email_69@testmail.ru,login_69,2018-02-03,name_69,surname_69,79075290246,959296
70,password_70,email_70@testmail.ru,login_70,2017-12-12,name_70,surname_70,79237531611,879250
71,password_71,email_71@testmail.ru,login_71,2018-05-09,name_71,surname_71,79431768307,911012
72,password_72,email_72@testmail.ru,login_72,2017-12-05,name_72,surname_72,79408836464,713379
73,password_73,email_73@testmail.ru,login_73,2018-02-24,name_73,surname_73,79911025140,424856
74,password_74,email_74@testmail.ru,login_74,2018-03-02,name_74,surname_74,79586761558,348637
75,password_75,email_75@testmail.ru,login_75,2018-03-21,name_75,surname_75,79563573826,821104
76,password_76,email_76@testmail.ru,login_76,2017-10-25,name_76,surname_76,79121924183,185755
77,password_77,email_77@testmail.ru,login_77,2017-07-29,name_77,surname_77,79534295917,33598
78,password_78,email_78@testmail.ru,login_78,2018-04-02,name_78,surname_78,79963879639,22891
79,password_79,email_79@testmail.ru,login_79,2018-02-22,name_79,surname_79,79189188753,266398
80,password_80,email_80@testmail.ru,login_80,2018-02-08,name_80,surname_80,79224888122,461493
81,password_81,email_81@testmail.ru,login_81,2017-06-11,name_81,surname_81,79801010066,671556
82,password_82,email_82@testmail.ru,login_82,2017-11-20,name_82,surname_82,79215145769,971857
83,password_83,email_83@testmail.ru,login_83,2017-12-04,name_83,surname_83,79668033955,692986
84,password_84,email_84@testmail.ru,login_84,2017-11-06,name_84,surname_84,79002530180,552185
85,password_85,email_85@testmail.ru,login_85,2017-10-18,name_85,surname_85,79241671579,268741
86,password_86,email_86@testmail.ru,login_86,2017-07-09,name_86,surname_86,79361521111,983125
87,password_87,email_87@testmail.ru,login_87,2017-11-14,name_87,surname_87,79489941784,343615
88,password_88,email_88@testmail.ru,login_88,2017-07-31,name_88,surname_88,79266106060,603125
89,password_89,email_89@testmail.ru,login_89,2017-10-22,name_89,surname_89,79031352646,901988
90,password_90,email_90@testmail.ru,login_90,2018-02-09,name_90,surname_90,79072219801,366548
91,password_91,email_91@testmail.ru,login_91,2017-10-31,name_91,surname_91,79894145836,158678
92,password_92,email_92@testmail.ru,login_92,2017-10-05,name_92,surname_92,79931761869,714739
93,password_93,email_93@testmail.ru,login_93,2017-10-12,name_93,surname_93,79584113206,695638
94,password_94,email_94@testmail.ru,login_94,2017-07-19,name_94,surname_94,79521660180,451040
95,password_95,email_95@testmail.ru,login_95,2017-06-19,name_95,surname_95,79248135240,123771
96,password_96,email_96@testmail.ru,login_96,2017-12-02,name_96,surname_96,79979335568,825881
97,password_97,email_97@testmail.ru,login_97,2017-09-24,name_97,surname_97,79159410053,9857
98,password_98,email_98@testmail.ru,login_98,2017-10-02,name_98,surname_98,79383719019,563016
99,password_99,email_99@testmail.ru,login_99,2018-05-30,name_99,surname_99,79172623792,921009
100,password_100,email_100@testmail.ru,login_100,2017-08-10,name_100,surname_100,79537103469,870445
101,password_101,email_101@testmail.ru,login_101,2018-05-26,name_101,surname_101,79903954453,494939
102,password_102,email_102@testmail.ru,login_102,2018-03-27,name_102,surname_102,79067694037,626329
103,password_103,email_103@testmail.ru,login_103,2017-12-18,name_103,surname_103,79655793621,372609
104,password_104,email_104@testmail.ru,login_104,2018-03-10,name_104,surname_104,79133956002,99022
105,password_105,email_105@testmail.ru,login_105,2017-12-12,name_105,surname_105,79193360763,298932
106,password_106,email_106@testmail.ru,login_106,2018-03-20,name_106,surname_106,79546949829,197565
107,password_107,email_107@testmail.ru,login_107,2017-10-24,name_107,surname_107,79571096723,650753
108,password_108,email_108@testmail.ru,login_108,2017-06-12,name_108,surname_108,79756723331,486962
109,password_109,email_109@testmail.ru,login_109,2017-08-15,name_109,surname_109,79057658006,685099
110,password_110,email_110@testmail.ru,login_110,2018-02-19,name_110,surname_110,79317572348,912096
111,password_111,email_111@testmail.ru,login_111,2017-11-28,name_111,surname_111,79997369933,514326
112,password_112,email_112@testmail.ru,login_112,2017-06-08,name_112,surname_112,79888618247,129656
113,password_113,email_113@testmail.ru,login_113,2018-04-21,name_113,surname_113,79507562548,390307
114,password_114,email_114@testmail.ru,login_114,2018-03-24,name_114,surname_114,79558508222,183091
115,password_115,email_115@testmail.ru,login_115,2017-09-04,name_115,surname_115,79507320679,840520
116,password_116,email_116@testmail.ru,login_116,2017-10-19,name_116,surname_116,79655188587,946437
117,password_117,email_117@testmail.ru,login_117,2018-02-26,name_117,surname_117,79947060358,47976
118,password_118,email_118@testmail.ru,login_118,2017-11-13,name_118,surname_118,79107128791,895452
119,password_119,email_119@testmail.ru,login_119,2018-03-10,name_119,surname_119,79791838466,523969
120,password_120,email_120@testmail.ru,login_120,2017-09-29,name_120,surname_120,79379020243,780964
121,password_121,email_121@testmail.ru,login_121,2018-04-09,name_121,surname_121,79491126745,491376
122,password_122,email_122@testmail.ru,login_122,2017-07-18,name_122,surname_122,79326791448,702034
123,password_123,email_123@testmail.ru,login_123,2017-07-16,name_123,surname_123,79892135809,944342
124,password_124,email_124@testmail.ru,login_124,2017-11-23,name_124,surname_124,79309907439,664653
125,password_125,email_125@testmail.ru,login_125,2018-04-30,name_125,surname_125,79722631284,729990
126,password_126,email_126@testmail.ru,login_126,2017-08-13,name_126,surname_126,79603179771,369032
127,password_127,email_127@testmail.ru,login_127,2017-10-02,name_127,surname_127,79008556161,222554
128,password_128,email_128@testmail.ru,login_128,2017-08-05,name_128,surname_128,79801161799,480588
129,password_129,email_129@testmail.ru,login_129,2017-09-27,name_129,surname_129,79315759940,102097
130,password_130,email_130@testmail.ru,login_130,2018-02-25,name_130,surname_130,79934441447,681252
131,password_131,email_131@testmail.ru,login_131,2017-12-31,name_131,surname_131,79819921695,272166
132,password_132,email_132@testmail.ru,login_132,2018-03-28,name_132,surname_132,79661847300,657211
133,password_133,email_133@testmail.ru,login_133,2018-04-07,name_133,surname_133,79446148189,84943
134,password_134,email_134@testmail.ru,login_134,2018-04-14,name_134,surname_134,79635365372,157245
135,password_135,email_135@testmail.ru,login_135,2018-05-29,name_135,surname_135,79173286755,776482
136,password_136,email_136@testmail.ru,login_136,2018-05-01,name_136,surname_136,79386465994,803380
137,password_137,email_137@testmail.ru,login_137,2018-04-08,name_137,surname_137,79696662731,347429
138,password_138,email_138@testmail.ru,login_138,2017-12-17,name_138,surname_138,79385249413,412362
139,password_139,email_139@testmail.ru,login_139,2018-04-09,name_139,surname_139,79174720348,455619
140,password_140,email_140@testmail.ru,login_140,2017-12-21,name_140,surname_140,79775281696,469029
141,password_141,email_141@testmail.ru,login_141,2018-04-22,name_141,surname_141,79554147713,196899
142,password_142,email_142@testmail.ru,login_142,2018-03-31,name_142,surname_142,79447931407,826865
143,password_143,email_143@testmail.ru,login_143,2017-07-14,name_143,surname_143,79345028307,422885
144,password_144,email_144@testmail.ru,login_144,2017-08-26,name_144,surname_144,79066599124,737914
145,password_145,email_145@testmail.ru,login_145,2017-09-08,name_145,surname_145,79685958239,294508
146,password_146,email_146@testmail.ru,login_146,2017-07-30,name_146,surname_146,79063261282,529562
147,password_147,email_147@testmail.ru,login_147,2017-12-05,name_147,surname_147,79869567447,346434
148,password_148,email_148@testmail.ru,login_148,2017-07-16,name_148,surname_148,79313236326,415405
149,password_149,email_149@testmail.ru,login_149,2017-09-30,name_149,surname_149,79727660914,347202
150,password_150,email_150@testmail.ru,login_150,2018-02-02,name_150,surname_150,79082473943,760697
151,password_151,email_151@testmail.ru,login_151,2017-11-25,name_151,surname_151,79262365500,688379
152,password_152,email_152@testmail.ru,login_152,2017-12-26,name_152,surname_152,79829480603,777472
153,password_153,email_153@testmail.ru,login_153,2017-11-17,name_153,surname_153,79951650504,659895
154,password_154,email_154@testmail.ru,login_154,2017-09-08,name_154,surname_154,79272750818,277779
155,password_155,email_155@testmail.ru,login_155,2017-06-30,name_155,surname_155,79408210466,653030
156,password_156,email_156@testmail.ru,login_156,2018-02-05,name_156,surname_156,79613122329,106439
157,password_157,email_157@testmail.ru,login_157,2017-07-08,name_157,surname_157,79969625694,763204
158,password_158,email_158@testmail.ru,login_158,2018-03-30,name_158,surname_158,79338548850,352568
159,password_159,email_159@testmail.ru,login_159,2017-06-06,name_159,surname_159,79359766308,243480
160,password_160,email_160@testmail.ru,login_160,2018-05-21,name_160,surname_160,79858631149,615782
161,password_161,email_161@testmail.ru,login_161,2018-04-27,name_161,surname_161,79335709307,310053
162,password_162,email_162@testmail.ru,login_162,2018-04-11,name_162,surname_162,79249601998,680039
163,password_163,email_163@testmail.ru,login_163,2017-12-13,name_163,surname_163,79788221253,95905
164,password_164,email_164@testmail.ru,login_164,2018-01-14,name_164,surname_164,79632238264,799193
165,password_165,email_165@testmail.ru,login_165,2017-09-01,name_165,surname_165,79705512836,471127
166,password_166,email_166@testmail.ru,login_166,2018-01-11,name_166,surname_166,79843234840,913039
167,password_167,email_167@testmail.ru,login_167,2017-11-27,name_167,surname_167,79775263527,281561
168,password_168,email_168@testmail.ru,login_168,2017-06-04,name_168,surname_168,79398383286,43490
169,password_169,email_169@testmail.ru,login_169,2017-11-21,name_169,surname_169,79164650698,11301
170,password_170,email_170@testmail.ru,login_170,2018-01-13,name_170,surname_170,79152879497,941536
171,password_171,email_171@testmail.ru,login_171,2018-01-23,name_171,surname_171,79337431476,744150
172,password_172,email_172@testmail.ru,login_172,2018-04-03,name_172,surname_172,79215784712,671732
173,password_173,email_173@testmail.ru,login_173,2017-10-14,name_173,surname_173,79939734146,776839
174,password_174,email_174@testmail.ru,login_174,2017-10-08,name_174,surname_174,79675440398,466665
175,password_175,email_175@testmail.ru,login_175,2018-04-27,name_175,surname_175,79705950453,83109
176,password_176,email_176@testmail.ru,login_176,2017-11-05,name_176,surname_176,79464870291,140450
177,password_177,email_177@testmail.ru,login_177,2018-04-09,name_177,surname_177,79899647752,742975
178,password_178,email_178@testmail.ru,login_178,2017-08-09,name_178,surname_178,79366099656,498982
179,password_179,email_179@testmail.ru,login_179,2018-01-15,name_179,surname_179,79923515837,673290
180,password_180,email_180@testmail.ru,login_180,2017-08-06,name_180,surname_180,79809592434,406988
181,password_181,email_181@testmail.ru,login_181,2017-10-06,name_181,surname_181,79852126149,571488
182,password_182,email_182@testmail.ru,login_182,2017-07-27,name_182,surname_182,79992287081,540248
183,password_183,email_183@testmail.ru,login_183,2017-06-12,name_183,surname_183,79169860103,469402
184,password_184,email_184@testmail.ru,login_184,2017-10-21,name_184,surname_184,79364540962,891264
185,password_185,email_185@testmail.ru,login_185,2017-10-07,name_185,surname_185,79817673488,541799
186,password_186,email_186@testmail.ru,login_186,2017-06-20,name_186,surname_186,79193219441,514992
187,password_187,email_187@testmail.ru,login_187,2017-10-16,name_187,surname_187,79227670419,602206
188,password_188,email_188@testmail.ru,login_188,2017-07-12,name_188,surname_188,79418876204,139675
189,password_189,email_189@testmail.ru,login_189,2018-05-25,name_189,surname_189,79848472474,14495
190,password_190,email_190@testmail.ru,login_190,2018-01-11,name_190,surname_190,79134491837,765967
191,password_191,email_191@testmail.ru,login_191,2017-10-15,name_191,surname_191,79683345474,143238
192,password_192,email_192@testmail.ru,login_192,2017-09-16,name_192,surname_192,79836293618,544684
193,password_193,email_193@testmail.ru,login_193,2018-05-18,name_193,surname_193,79344376856,992411
194,password_194,email_194@testmail.ru,login_194,2017-11-03,name_194,surname_194,79058722594,320849
195,password_195,email_195@testmail.ru,login_195,2017-11-16,name_195,surname_195,79197665099,804095
196,password_196,email_196@testmail.ru,login_196,2017-09-30,name_196,surname_196,79944418098,494498
197,password_197,email_197@testmail.ru,login_197,2017-08-04,name_197,surname_197,79979918499,403127
198,password_198,email_198@testmail.ru,login_198,2017-09-05,name_198,surname_198,79908245088,625061
199,password_199,email_199@testmail.ru,login_199,2017-06-20,name_199,surname_199,79644135888,571386
200,password_200,email_200@testmail.ru,login_200,2018-03-25,name_200,surname_200,79657410084,862126
